1,"Imagenología - B","Apoyo","Diagnóstico","II Nivel"
2,"Unidad de Cuidados Intensivos - C","Hospitalario","Crítica","III Nivel"
3,"Cirugía General - Norte","Quirúrgico","Quirófano","III Nivel"
4,"Consulta Externa - Sur","Ambulatorio","Medicina General","I Nivel"
5,"Cirugía General - Sala 6","Quirúrgico","Quirófano","III Nivel"
6,"Cirugía General - A","Quirúrgico","Quirófano","III Nivel"
7,"Pediatría - B","Hospitalario","Clínico","III Nivel"
8,"Laboratorio Clínico - C","Apoyo","Diagnóstico","II Nivel"
9,"Traumatología - Norte","Hospitalario","Especialidades","III Nivel"
10,"Ginecología y Obstetricia - Sur","Hospitalario","Maternidad","III Nivel"
11,"Consulta Externa - Sala 12","Ambulatorio","Medicina General","I Nivel"
12,"Cardiología - A","Ambulatorio","Especialidades","III Nivel"
13,"Unidad de Cuidados Intensivos - B","Hospitalario","Crítica","III Nivel"
14,"Traumatología - C","Hospitalario","Especialidades","III Nivel"
15,"Ginecología y Obstetricia - Norte","Hospitalario","Maternidad","III Nivel"
16,"Cirugía General - Sur","Quirúrgico","Quirófano","III Nivel"
17,"Emergencias - Sala 18","Emergencia","Hospitalización","II Nivel"
18,"Traumatología - A","Hospitalario","Especialidades","III Nivel"
19,"Unidad de Cuidados Intensivos - B","Hospitalario","Crítica","III Nivel"
20,"Unidad de Cuidados Intensivos - C","Hospitalario","Crítica","III Nivel"
21,"Emergencias - Norte","Emergencia","Hospitalización","II Nivel"
22,"Pediatría - Sur","Hospitalario","Clínico","III Nivel"
23,"Unidad de Cuidados Intensivos - Sala 24","Hospitalario","Crítica","III Nivel"
24,"Ginecología y Obstetricia - A","Hospitalario","Maternidad","III Nivel"
25,"Ginecología y Obstetricia - B","Hospitalario","Maternidad","III Nivel"
26,"Emergencias - C","Emergencia","Hospitalización","II Nivel"
27,"Emergencias - Norte","Emergencia","Hospitalización","II Nivel"
28,"Cirugía General - Sur","Quirúrgico","Quirófano","III Nivel"
29,"Consulta Externa - Sala 30","Ambulatorio","Medicina General","I Nivel"
30,"Pediatría - A","Hospitalario","Clínico","III Nivel"
31,"Pediatría - B","Hospitalario","Clínico","III Nivel"
32,"Consulta Externa - C","Ambulatorio","Medicina General","I Nivel"
33,"Pediatría - Norte","Hospitalario","Clínico","III Nivel"
34,"Unidad de Cuidados Intensivos - Sur","Hospitalario","Crítica","III Nivel"
35,"Emergencias - Sala 36","Emergencia","Hospitalización","II Nivel"
36,"Unidad de Cuidados Intensivos - A","Hospitalario","Crítica","III Nivel"
37,"Cardiología - B","Ambulatorio","Especialidades","III Nivel"
38,"Cirugía General - C","Quirúrgico","Quirófano","III Nivel"
39,"Cirugía General - Norte","Quirúrgico","Quirófano","III Nivel"
40,"Pediatría - Sur","Hospitalario","Clínico","III Nivel"
41,"Unidad de Cuidados Intensivos - Sala 42","Hospitalario","Crítica","III Nivel"
42,"Emergencias - A","Emergencia","Hospitalización","II Nivel"
43,"Pediatría - B","Hospitalario","Clínico","III Nivel"
44,"Cirugía General - C","Quirúrgico","Quirófano","III Nivel"
45,"Ginecología y Obstetricia - Norte","Hospitalario","Maternidad","III Nivel"
46,"Emergencias - Sur","Emergencia","Hospitalización","II Nivel"
47,"Cirugía General - Sala 48","Quirúrgico","Quirófano","III Nivel"
48,"Cirugía General - A","Quirúrgico","Quirófano","III Nivel"
49,"Cirugía General - B","Quirúrgico","Quirófano","III Nivel"
50,"Unidad de Cuidados Intensivos - C","Hospitalario","Crítica","III Nivel"
51,"Consulta Externa - Norte","Ambulatorio","Medicina General","I Nivel"
52,"Cardiología - Sur","Ambulatorio","Especialidades","III Nivel"
53,"Emergencias - Sala 54","Emergencia","Hospitalización","II Nivel"
54,"Ginecología y Obstetricia - A","Hospitalario","Maternidad","III Nivel"
55,"Pediatría - B","Hospitalario","Clínico","III Nivel"
56,"Ginecología y Obstetricia - C","Hospitalario","Maternidad","III Nivel"
57,"Ginecología y Obstetricia - Norte","Hospitalario","Maternidad","III Nivel"
58,"Pediatría - Sur","Hospitalario","Clínico","III Nivel"
59,"Cardiología - Sala 60","Ambulatorio","Especialidades","III Nivel"
60,"Pediatría - A","Hospitalario","Clínico","III Nivel"
61,"Traumatología - B","Hospitalario","Especialidades","III Nivel"
62,"Emergencias - C","Emergencia","Hospitalización","II Nivel"
63,"Imagenología - Norte","Apoyo","Diagnóstico","II Nivel"
64,"Unidad de Cuidados Intensivos - Sur","Hospitalario","Crítica","III Nivel"
65,"Ginecología y Obstetricia - Sala 66","Hospitalario","Maternidad","III Nivel"
66,"Cirugía General - A","Quirúrgico","Quirófano","III Nivel"
67,"Laboratorio Clínico - B","Apoyo","Diagnóstico","II Nivel"
68,"Consulta Externa - C","Ambulatorio","Medicina General","I Nivel"
69,"Imagenología - Norte","Apoyo","Diagnóstico","II Nivel"
70,"Ginecología y Obstetricia - Sur","Hospitalario","Maternidad","III Nivel"
71,"Cirugía General - Sala 72","Quirúrgico","Quirófano","III Nivel"
72,"Consulta Externa - A","Ambulatorio","Medicina General","I Nivel"
73,"Consulta Externa - B","Ambulatorio","Medicina General","I Nivel"
74,"Pediatría - C","Hospitalario","Clínico","III Nivel"
75,"Emergencias - Norte","Emergencia","Hospitalización","II Nivel"
76,"Cardiología - Sur","Ambulatorio","Especialidades","III Nivel"
77,"Pediatría - Sala 78","Hospitalario","Clínico","III Nivel"
78,"Ginecología y Obstetricia - A","Hospitalario","Maternidad","III Nivel"
79,"Pediatría - B","Hospitalario","Clínico","III Nivel"
80,"Pediatría - C","Hospitalario","Clínico","III Nivel"
81,"Laboratorio Clínico - Norte","Apoyo","Diagnóstico","II Nivel"
82,"Cardiología - Sur","Ambulatorio","Especialidades","III Nivel"
83,"Traumatología - Sala 84","Hospitalario","Especialidades","III Nivel"
84,"Unidad de Cuidados Intensivos - A","Hospitalario","Crítica","III Nivel"
85,"Ginecología y Obstetricia - B","Hospitalario","Maternidad","III Nivel"
86,"Traumatología - C","Hospitalario","Especialidades","III Nivel"
87,"Imagenología - Norte","Apoyo","Diagnóstico","II Nivel"
88,"Imagenología - Sur","Apoyo","Diagnóstico","II Nivel"
89,"Unidad de Cuidados Intensivos - Sala 90","Hospitalario","Crítica","III Nivel"
90,"Ginecología y Obstetricia - A","Hospitalario","Maternidad","III Nivel"
91,"Imagenología - B","Apoyo","Diagnóstico","II Nivel"
92,"Ginecología y Obstetricia - C","Hospitalario","Maternidad","III Nivel"
93,"Ginecología y Obstetricia - Norte","Hospitalario","Maternidad","III Nivel"
94,"Ginecología y Obstetricia - Sur","Hospitalario","Maternidad","III Nivel"
95,"Consulta Externa - Sala 96","Ambulatorio","Medicina General","I Nivel"
96,"Consulta Externa - A","Ambulatorio","Medicina General","I Nivel"
97,"Cirugía General - B","Quirúrgico","Quirófano","III Nivel"
98,"Pediatría - C","Hospitalario","Clínico","III Nivel"
99,"Cardiología - Norte","Ambulatorio","Especialidades","III Nivel"
100,"Ginecología y Obstetricia - Sur","Hospitalario","Maternidad","III Nivel"
101,"Laboratorio Clínico - Sala 2","Apoyo","Diagnóstico","II Nivel"
102,"Traumatología - A","Hospitalario","Especialidades","III Nivel"
103,"Pediatría - B","Hospitalario","Clínico","III Nivel"
104,"Unidad de Cuidados Intensivos - C","Hospitalario","Crítica","III Nivel"
105,"Cirugía General - Norte","Quirúrgico","Quirófano","III Nivel"
106,"Emergencias - Sur","Emergencia","Hospitalización","II Nivel"
107,"Emergencias - Sala 8","Emergencia","Hospitalización","II Nivel"
108,"Consulta Externa - A","Ambulatorio","Medicina General","I Nivel"
109,"Ginecología y Obstetricia - B","Hospitalario","Maternidad","III Nivel"
110,"Cardiología - C","Ambulatorio","Especialidades","III Nivel"
111,"Pediatría - Norte","Hospitalario","Clínico","III Nivel"
112,"Consulta Externa - Sur","Ambulatorio","Medicina General","I Nivel"
113,"Emergencias - Sala 14","Emergencia","Hospitalización","II Nivel"
114,"Imagenología - A","Apoyo","Diagnóstico","II Nivel"
115,"Emergencias - B","Emergencia","Hospitalización","II Nivel"
116,"Emergencias - C","Emergencia","Hospitalización","II Nivel"
117,"Emergencias - Norte","Emergencia","Hospitalización","II Nivel"
118,"Laboratorio Clínico - Sur","Apoyo","Diagnóstico","II Nivel"
119,"Cirugía General - Sala 20","Quirúrgico","Quirófano","III Nivel"
120,"Traumatología - A","Hospitalario","Especialidades","III Nivel"
121,"Consulta Externa - B","Ambulatorio","Medicina General","I Nivel"
122,"Cardiología - C","Ambulatorio","Especialidades","III Nivel"
123,"Cardiología - Norte","Ambulatorio","Especialidades","III Nivel"
124,"Traumatología - Sur","Hospitalario","Especialidades","III Nivel"
125,"Consulta Externa - Sala 26","Ambulatorio","Medicina General","I Nivel"
126,"Consulta Externa - A","Ambulatorio","Medicina General","I Nivel"
127,"Consulta Externa - B","Ambulatorio","Medicina General","I Nivel"
128,"Cirugía General - C","Quirúrgico","Quirófano","III Nivel"
129,"Ginecología y Obstetricia - Norte","Hospitalario","Maternidad","III Nivel"
130,"Consulta Externa - Sur","Ambulatorio","Medicina General","I Nivel"
131,"Ginecología y Obstetricia - Sala 32","Hospitalario","Maternidad","III Nivel"
132,"Unidad de Cuidados Intensivos - A","Hospitalario","Crítica","III Nivel"
133,"Consulta Externa - B","Ambulatorio","Medicina General","I Nivel"
134,"Unidad de Cuidados Intensivos - C","Hospitalario","Crítica","III Nivel"
135,"Traumatología - Norte","Hospitalario","Especialidades","III Nivel"
136,"Laboratorio Clínico - Sur","Apoyo","Diagnóstico","II Nivel"
137,"Pediatría - Sala 38","Hospitalario","Clínico","III Nivel"
138,"Ginecología y Obstetricia - A","Hospitalario","Maternidad","III Nivel"
139,"Cirugía General - B","Quirúrgico","Quirófano","III Nivel"
140,"Cardiología - C","Ambulatorio","Especialidades","III Nivel"
141,"Ginecología y Obstetricia - Norte","Hospitalario","Maternidad","III Nivel"
142,"Cardiología - Sur","Ambulatorio","Especialidades","III Nivel"
143,"Pediatría - Sala 44","Hospitalario","Clínico","III Nivel"
144,"Imagenología - A","Apoyo","Diagnóstico","II Nivel"
145,"Ginecología y Obstetricia - B","Hospitalario","Maternidad","III Nivel"
146,"Imagenología - C","Apoyo","Diagnóstico","II Nivel"
147,"Unidad de Cuidados Intensivos - Norte","Hospitalario","Crítica","III Nivel"
148,"Ginecología y Obstetricia - Sur","Hospitalario","Maternidad","III Nivel"
149,"Emergencias - Sala 50","Emergencia","Hospitalización","II Nivel"
150,"Cardiología - A","Ambulatorio","Especialidades","III Nivel"
151,"Unidad de Cuidados Intensivos - B","Hospitalario","Crítica","III Nivel"
152,"Laboratorio Clínico - C","Apoyo","Diagnóstico","II Nivel"
153,"Cardiología - Norte","Ambulatorio","Especialidades","III Nivel"
154,"Unidad de Cuidados Intensivos - Sur","Hospitalario","Crítica","III Nivel"
155,"Ginecología y Obstetricia - Sala 56","Hospitalario","Maternidad","III Nivel"
156,"Cirugía General - A","Quirúrgico","Quirófano","III Nivel"
157,"Laboratorio Clínico - B","Apoyo","Diagnóstico","II Nivel"
158,"Cirugía General - C","Quirúrgico","Quirófano","III Nivel"
159,"Imagenología - Norte","Apoyo","Diagnóstico","II Nivel"
160,"Traumatología - Sur","Hospitalario","Especialidades","III Nivel"
161,"Cardiología - Sala 62","Ambulatorio","Especialidades","III Nivel"
162,"Traumatología - A","Hospitalario","Especialidades","III Nivel"
163,"Unidad de Cuidados Intensivos - B","Hospitalario","Crítica","III Nivel"
164,"Emergencias - C","Emergencia","Hospitalización","II Nivel"
165,"Emergencias - Norte","Emergencia","Hospitalización","II Nivel"
166,"Unidad de Cuidados Intensivos - Sur","Hospitalario","Crítica","III Nivel"
167,"Imagenología - Sala 68","Apoyo","Diagnóstico","II Nivel"
168,"Ginecología y Obstetricia - A","Hospitalario","Maternidad","III Nivel"
169,"Laboratorio Clínico - B","Apoyo","Diagnóstico","II Nivel"
170,"Unidad de Cuidados Intensivos - C","Hospitalario","Crítica","III Nivel"
171,"Laboratorio Clínico - Norte","Apoyo","Diagnóstico","II Nivel"
172,"Cirugía General - Sur","Quirúrgico","Quirófano","III Nivel"
173,"Pediatría - Sala 74","Hospitalario","Clínico","III Nivel"
174,"Cardiología - A","Ambulatorio","Especialidades","III Nivel"
175,"Emergencias - B","Emergencia","Hospitalización","II Nivel"
176,"Cardiología - C","Ambulatorio","Especialidades","III Nivel"
177,"Cardiología - Norte","Ambulatorio","Especialidades","III Nivel"
178,"Laboratorio Clínico - Sur","Apoyo","Diagnóstico","II Nivel"
179,"Emergencias - Sala 80","Emergencia","Hospitalización","II Nivel"
180,"Traumatología - A","Hospitalario","Especialidades","III Nivel"
181,"Ginecología y Obstetricia - B","Hospitalario","Maternidad","III Nivel"
182,"Cardiología - C","Ambulatorio","Especialidades","III Nivel"
183,"Consulta Externa - Norte","Ambulatorio","Medicina General","I Nivel"
184,"Cirugía General - Sur","Quirúrgico","Quirófano","III Nivel"
185,"Ginecología y Obstetricia - Sala 86","Hospitalario","Maternidad","III Nivel"
186,"Cirugía General - A","Quirúrgico","Quirófano","III Nivel"
187,"Cardiología - B","Ambulatorio","Especialidades","III Nivel"
188,"Consulta Externa - C","Ambulatorio","Medicina General","I Nivel"
189,"Laboratorio Clínico - Norte","Apoyo","Diagnóstico","II Nivel"
190,"Imagenología - Sur","Apoyo","Diagnóstico","II Nivel"
191,"Unidad de Cuidados Intensivos - Sala 92","Hospitalario","Crítica","III Nivel"
192,"Cardiología - A","Ambulatorio","Especialidades","III Nivel"
193,"Consulta Externa - B","Ambulatorio","Medicina General","I Nivel"
194,"Ginecología y Obstetricia - C","Hospitalario","Maternidad","III Nivel"
195,"Unidad de Cuidados Intensivos - Norte","Hospitalario","Crítica","III Nivel"
196,"Imagenología - Sur","Apoyo","Diagnóstico","II Nivel"
197,"Pediatría - Sala 98","Hospitalario","Clínico","III Nivel"
198,"Cardiología - A","Ambulatorio","Especialidades","III Nivel"
199,"Cardiología - B","Ambulatorio","Especialidades","III Nivel"
200,"Unidad de Cuidados Intensivos - C","Hospitalario","Crítica","III Nivel"
201,"Laboratorio Clínico - Norte","Apoyo","Diagnóstico","II Nivel"
202,"Unidad de Cuidados Intensivos - Sur","Hospitalario","Crítica","III Nivel"
203,"Laboratorio Clínico - Sala 4","Apoyo","Diagnóstico","II Nivel"
204,"Pediatría - A","Hospitalario","Clínico","III Nivel"
205,"Laboratorio Clínico - B","Apoyo","Diagnóstico","II Nivel"
206,"Laboratorio Clínico - C","Apoyo","Diagnóstico","II Nivel"
207,"Unidad de Cuidados Intensivos - Norte","Hospitalario","Crítica","III Nivel"
208,"Consulta Externa - Sur","Ambulatorio","Medicina General","I Nivel"
209,"Laboratorio Clínico - Sala 10","Apoyo","Diagnóstico","II Nivel"
210,"Ginecología y Obstetricia - A","Hospitalario","Maternidad","III Nivel"
211,"Cardiología - B","Ambulatorio","Especialidades","III Nivel"
212,"Ginecología y Obstetricia - C","Hospitalario","Maternidad","III Nivel"
213,"Cirugía General - Norte","Quirúrgico","Quirófano","III Nivel"
214,"Laboratorio Clínico - Sur","Apoyo","Diagnóstico","II Nivel"
215,"Cirugía General - Sala 16","Quirúrgico","Quirófano","III Nivel"
216,"Imagenología - A","Apoyo","Diagnóstico","II Nivel"
217,"Imagenología - B","Apoyo","Diagnóstico","II Nivel"
218,"Unidad de Cuidados Intensivos - C","Hospitalario","Crítica","III Nivel"
219,"Traumatología - Norte","Hospitalario","Especialidades","III Nivel"
220,"Laboratorio Clínico - Sur","Apoyo","Diagnóstico","II Nivel"
221,"Cirugía General - Sala 22","Quirúrgico","Quirófano","III Nivel"
222,"Emergencias - A","Emergencia","Hospitalización","II Nivel"
223,"Cirugía General - B","Quirúrgico","Quirófano","III Nivel"
224,"Traumatología - C","Hospitalario","Especialidades","III Nivel"
225,"Imagenología - Norte","Apoyo","Diagnóstico","II Nivel"
226,"Imagenología - Sur","Apoyo","Diagnóstico","II Nivel"
227,"Cirugía General - Sala 28","Quirúrgico","Quirófano","III Nivel"
228,"Cardiología - A","Ambulatorio","Especialidades","III Nivel"
229,"Unidad de Cuidados Intensivos - B","Hospitalario","Crítica","III Nivel"
230,"Unidad de Cuidados Intensivos - C","Hospitalario","Crítica","III Nivel"
231,"Unidad de Cuidados Intensivos - Norte","Hospitalario","Crítica","III Nivel"
232,"Cardiología - Sur","Ambulatorio","Especialidades","III Nivel"
233,"Traumatología - Sala 34","Hospitalario","Especialidades","III Nivel"
234,"Emergencias - A","Emergencia","Hospitalización","II Nivel"
235,"Pediatría - B","Hospitalario","Clínico","III Nivel"
236,"Cardiología - C","Ambulatorio","Especialidades","III Nivel"
237,"Pediatría - Norte","Hospitalario","Clínico","III Nivel"
238,"Traumatología - Sur","Hospitalario","Especialidades","III Nivel"
239,"Cardiología - Sala 40","Ambulatorio","Especialidades","III Nivel"
240,"Cirugía General - A","Quirúrgico","Quirófano","III Nivel"
241,"Pediatría - B","Hospitalario","Clínico","III Nivel"
242,"Cardiología - C","Ambulatorio","Especialidades","III Nivel"
243,"Emergencias - Norte","Emergencia","Hospitalización","II Nivel"
244,"Traumatología - Sur","Hospitalario","Especialidades","III Nivel"
245,"Unidad de Cuidados Intensivos - Sala 46","Hospitalario","Crítica","III Nivel"
246,"Cardiología - A","Ambulatorio","Especialidades","III Nivel"
247,"Imagenología - B","Apoyo","Diagnóstico","II Nivel"
248,"Ginecología y Obstetricia - C","Hospitalario","Maternidad","III Nivel"
249,"Traumatología - Norte","Hospitalario","Especialidades","III Nivel"
250,"Unidad de Cuidados Intensivos - Sur","Hospitalario","Crítica","III Nivel"
251,"Cardiología - Sala 52","Ambulatorio","Especialidades","III Nivel"
252,"Ginecología y Obstetricia - A","Hospitalario","Maternidad","III Nivel"
253,"Unidad de Cuidados Intensivos - B","Hospitalario","Crítica","III Nivel"
254,"Emergencias - C","Emergencia","Hospitalización","II Nivel"
255,"Imagenología - Norte","Apoyo","Diagnóstico","II Nivel"
256,"Consulta Externa - Sur","Ambulatorio","Medicina General","I Nivel"
257,"Emergencias - Sala 58","Emergencia","Hospitalización","II Nivel"
258,"Ginecología y Obstetricia - A","Hospitalario","Maternidad","III Nivel"
259,"Emergencias - B","Emergencia","Hospitalización","II Nivel"
260,"Consulta Externa - C","Ambulatorio","Medicina General","I Nivel"
261,"Emergencias - Norte","Emergencia","Hospitalización","II Nivel"
262,"Cirugía General - Sur","Quirúrgico","Quirófano","III Nivel"
263,"Cirugía General - Sala 64","Quirúrgico","Quirófano","III Nivel"
264,"Pediatría - A","Hospitalario","Clínico","III Nivel"
265,"Emergencias - B","Emergencia","Hospitalización","II Nivel"
266,"Cirugía General - C","Quirúrgico","Quirófano","III Nivel"
267,"Unidad de Cuidados Intensivos - Norte","Hospitalario","Crítica","III Nivel"
268,"Cardiología - Sur","Ambulatorio","Especialidades","III Nivel"
269,"Cirugía General - Sala 70","Quirúrgico","Quirófano","III Nivel"
270,"Imagenología - A","Apoyo","Diagnóstico","II Nivel"
271,"Laboratorio Clínico - B","Apoyo","Diagnóstico","II Nivel"
272,"Traumatología - C","Hospitalario","Especialidades","III Nivel"
273,"Cardiología - Norte","Ambulatorio","Especialidades","III Nivel"
274,"Cardiología - Sur","Ambulatorio","Especialidades","III Nivel"
275,"Cirugía General - Sala 76","Quirúrgico","Quirófano","III Nivel"
276,"Imagenología - A","Apoyo","Diagnóstico","II Nivel"
277,"Pediatría - B","Hospitalario","Clínico","III Nivel"
278,"Ginecología y Obstetricia - C","Hospitalario","Maternidad","III Nivel"
279,"Laboratorio Clínico - Norte","Apoyo","Diagnóstico","II Nivel"
280,"Consulta Externa - Sur","Ambulatorio","Medicina General","I Nivel"
281,"Emergencias - Sala 82","Emergencia","Hospitalización","II Nivel"
282,"Cardiología - A","Ambulatorio","Especialidades","III Nivel"
283,"Ginecología y Obstetricia - B","Hospitalario","Maternidad","III Nivel"
284,"Laboratorio Clínico - C","Apoyo","Diagnóstico","II Nivel"
285,"Imagenología - Norte","Apoyo","Diagnóstico","II Nivel"
286,"Laboratorio Clínico - Sur","Apoyo","Diagnóstico","II Nivel"
287,"Pediatría - Sala 88","Hospitalario","Clínico","III Nivel"
288,"Imagenología - A","Apoyo","Diagnóstico","II Nivel"
289,"Traumatología - B","Hospitalario","Especialidades","III Nivel"
290,"Traumatología - C","Hospitalario","Especialidades","III Nivel"
291,"Traumatología - Norte","Hospitalario","Especialidades","III Nivel"
292,"Unidad de Cuidados Intensivos - Sur","Hospitalario","Crítica","III Nivel"
293,"Consulta Externa - Sala 94","Ambulatorio","Medicina General","I Nivel"
294,"Consulta Externa - A","Ambulatorio","Medicina General","I Nivel"
295,"Cardiología - B","Ambulatorio","Especialidades","III Nivel"
296,"Emergencias - C","Emergencia","Hospitalización","II Nivel"
297,"Consulta Externa - Norte","Ambulatorio","Medicina General","I Nivel"
298,"Emergencias - Sur","Emergencia","Hospitalización","II Nivel"
299,"Ginecología y Obstetricia - Sala 100","Hospitalario","Maternidad","III Nivel"
300,"Cardiología - A","Ambulatorio","Especialidades","III Nivel"
301,"Cirugía General - B","Quirúrgico","Quirófano","III Nivel"
302,"Unidad de Cuidados Intensivos - C","Hospitalario","Crítica","III Nivel"
303,"Imagenología - Norte","Apoyo","Diagnóstico","II Nivel"
304,"Consulta Externa - Sur","Ambulatorio","Medicina General","I Nivel"
305,"Consulta Externa - Sala 6","Ambulatorio","Medicina General","I Nivel"
306,"Unidad de Cuidados Intensivos - A","Hospitalario","Crítica","III Nivel"
307,"Consulta Externa - B","Ambulatorio","Medicina General","I Nivel"
308,"Emergencias - C","Emergencia","Hospitalización","II Nivel"
309,"Cirugía General - Norte","Quirúrgico","Quirófano","III Nivel"
310,"Ginecología y Obstetricia - Sur","Hospitalario","Maternidad","III Nivel"
311,"Imagenología - Sala 12","Apoyo","Diagnóstico","II Nivel"
312,"Consulta Externa - A","Ambulatorio","Medicina General","I Nivel"
313,"Cardiología - B","Ambulatorio","Especialidades","III Nivel"
314,"Cardiología - C","Ambulatorio","Especialidades","III Nivel"
315,"Ginecología y Obstetricia - Norte","Hospitalario","Maternidad","III Nivel"
316,"Cardiología - Sur","Ambulatorio","Especialidades","III Nivel"
317,"Pediatría - Sala 18","Hospitalario","Clínico","III Nivel"
318,"Ginecología y Obstetricia - A","Hospitalario","Maternidad","III Nivel"
319,"Ginecología y Obstetricia - B","Hospitalario","Maternidad","III Nivel"
320,"Traumatología - C","Hospitalario","Especialidades","III Nivel"
321,"Traumatología - Norte","Hospitalario","Especialidades","III Nivel"
322,"Unidad de Cuidados Intensivos - Sur","Hospitalario","Crítica","III Nivel"
323,"Cirugía General - Sala 24","Quirúrgico","Quirófano","III Nivel"
324,"Cardiología - A","Ambulatorio","Especialidades","III Nivel"
325,"Laboratorio Clínico - B","Apoyo","Diagnóstico","II Nivel"
326,"Cardiología - C","Ambulatorio","Especialidades","III Nivel"
327,"Emergencias - Norte","Emergencia","Hospitalización","II Nivel"
328,"Traumatología - Sur","Hospitalario","Especialidades","III Nivel"
329,"Emergencias - Sala 30","Emergencia","Hospitalización","II Nivel"
330,"Imagenología - A","Apoyo","Diagnóstico","II Nivel"
331,"Cirugía General - B","Quirúrgico","Quirófano","III Nivel"
332,"Traumatología - C","Hospitalario","Especialidades","III Nivel"
333,"Imagenología - Norte","Apoyo","Diagnóstico","II Nivel"
334,"Imagenología - Sur","Apoyo","Diagnóstico","II Nivel"
335,"Traumatología - Sala 36","Hospitalario","Especialidades","III Nivel"
336,"Cardiología - A","Ambulatorio","Especialidades","III Nivel"
337,"Imagenología - B","Apoyo","Diagnóstico","II Nivel"
338,"Imagenología - C","Apoyo","Diagnóstico","II Nivel"
339,"Unidad de Cuidados Intensivos - Norte","Hospitalario","Crítica","III Nivel"
340,"Cardiología - Sur","Ambulatorio","Especialidades","III Nivel"
341,"Cardiología - Sala 42","Ambulatorio","Especialidades","III Nivel"
342,"Laboratorio Clínico - A","Apoyo","Diagnóstico","II Nivel"
343,"Imagenología - B","Apoyo","Diagnóstico","II Nivel"
344,"Traumatología - C","Hospitalario","Especialidades","III Nivel"
345,"Laboratorio Clínico - Norte","Apoyo","Diagnóstico","II Nivel"
346,"Traumatología - Sur","Hospitalario","Especialidades","III Nivel"
347,"Imagenología - Sala 48","Apoyo","Diagnóstico","II Nivel"
348,"Pediatría - A","Hospitalario","Clínico","III Nivel"
349,"Consulta Externa - B","Ambulatorio","Medicina General","I Nivel"
350,"Consulta Externa - C","Ambulatorio","Medicina General","I Nivel"
351,"Emergencias - Norte","Emergencia","Hospitalización","II Nivel"
352,"Imagenología - Sur","Apoyo","Diagnóstico","II Nivel"
353,"Cirugía General - Sala 54","Quirúrgico","Quirófano","III Nivel"
354,"Consulta Externa - A","Ambulatorio","Medicina General","I Nivel"
355,"Cardiología - B","Ambulatorio","Especialidades","III Nivel"
356,"Traumatología - C","Hospitalario","Especialidades","III Nivel"
357,"Pediatría - Norte","Hospitalario","Clínico","III Nivel"
358,"Pediatría - Sur","Hospitalario","Clínico","III Nivel"
359,"Cardiología - Sala 60","Ambulatorio","Especialidades","III Nivel"
360,"Traumatología - A","Hospitalario","Especialidades","III Nivel"
361,"Imagenología - B","Apoyo","Diagnóstico","II Nivel"
362,"Imagenología - C","Apoyo","Diagnóstico","II Nivel"
363,"Cirugía General - Norte","Quirúrgico","Quirófano","III Nivel"
364,"Ginecología y Obstetricia - Sur","Hospitalario","Maternidad","III Nivel"
365,"Cardiología - Sala 66","Ambulatorio","Especialidades","III Nivel"
366,"Cirugía General - A","Quirúrgico","Quirófano","III Nivel"
367,"Emergencias - B","Emergencia","Hospitalización","II Nivel"
368,"Consulta Externa - C","Ambulatorio","Medicina General","I Nivel"
369,"Cirugía General - Norte","Quirúrgico","Quirófano","III Nivel"
370,"Imagenología - Sur","Apoyo","Diagnóstico","II Nivel"
371,"Laboratorio Clínico - Sala 72","Apoyo","Diagnóstico","II Nivel"
372,"Emergencias - A","Emergencia","Hospitalización","II Nivel"
373,"Laboratorio Clínico - B","Apoyo","Diagnóstico","II Nivel"
374,"Laboratorio Clínico - C","Apoyo","Diagnóstico","II Nivel"
375,"Imagenología - Norte","Apoyo","Diagnóstico","II Nivel"
376,"Consulta Externa - Sur","Ambulatorio","Medicina General","I Nivel"
377,"Laboratorio Clínico - Sala 78","Apoyo","Diagnóstico","II Nivel"
378,"Unidad de Cuidados Intensivos - A","Hospitalario","Crítica","III Nivel"
379,"Cardiología - B","Ambulatorio","Especialidades","III Nivel"
380,"Consulta Externa - C","Ambulatorio","Medicina General","I Nivel"
381,"Imagenología - Norte","Apoyo","Diagnóstico","II Nivel"
382,"Laboratorio Clínico - Sur","Apoyo","Diagnóstico","II Nivel"
383,"Cardiología - Sala 84","Ambulatorio","Especialidades","III Nivel"
384,"Imagenología - A","Apoyo","Diagnóstico","II Nivel"
385,"Laboratorio Clínico - B","Apoyo","Diagnóstico","II Nivel"
386,"Emergencias - C","Emergencia","Hospitalización","II Nivel"
387,"Unidad de Cuidados Intensivos - Norte","Hospitalario","Crítica","III Nivel"
388,"Unidad de Cuidados Intensivos - Sur","Hospitalario","Crítica","III Nivel"
389,"Traumatología - Sala 90","Hospitalario","Especialidades","III Nivel"
390,"Imagenología - A","Apoyo","Diagnóstico","II Nivel"
391,"Unidad de Cuidados Intensivos - B","Hospitalario","Crítica","III Nivel"
392,"Traumatología - C","Hospitalario","Especialidades","III Nivel"
393,"Imagenología - Norte","Apoyo","Diagnóstico","II Nivel"
394,"Traumatología - Sur","Hospitalario","Especialidades","III Nivel"
395,"Cardiología - Sala 96","Ambulatorio","Especialidades","III Nivel"
396,"Laboratorio Clínico - A","Apoyo","Diagnóstico","II Nivel"
397,"Traumatología - B","Hospitalario","Especialidades","III Nivel"
398,"Consulta Externa - C","Ambulatorio","Medicina General","I Nivel"
399,"Pediatría - Norte","Hospitalario","Clínico","III Nivel"
400,"Consulta Externa - Sur","Ambulatorio","Medicina General","I Nivel"
401,"Cirugía General - Sala 2","Quirúrgico","Quirófano","III Nivel"
402,"Imagenología - A","Apoyo","Diagnóstico","II Nivel"
403,"Laboratorio Clínico - B","Apoyo","Diagnóstico","II Nivel"
404,"Cirugía General - C","Quirúrgico","Quirófano","III Nivel"
405,"Ginecología y Obstetricia - Norte","Hospitalario","Maternidad","III Nivel"
406,"Cirugía General - Sur","Quirúrgico","Quirófano","III Nivel"
407,"Consulta Externa - Sala 8","Ambulatorio","Medicina General","I Nivel"
408,"Emergencias - A","Emergencia","Hospitalización","II Nivel"
409,"Pediatría - B","Hospitalario","Clínico","III Nivel"
410,"Emergencias - C","Emergencia","Hospitalización","II Nivel"
411,"Imagenología - Norte","Apoyo","Diagnóstico","II Nivel"
412,"Consulta Externa - Sur","Ambulatorio","Medicina General","I Nivel"
413,"Unidad de Cuidados Intensivos - Sala 14","Hospitalario","Crítica","III Nivel"
414,"Laboratorio Clínico - A","Apoyo","Diagnóstico","II Nivel"
415,"Laboratorio Clínico - B","Apoyo","Diagnóstico","II Nivel"
416,"Imagenología - C","Apoyo","Diagnóstico","II Nivel"
417,"Imagenología - Norte","Apoyo","Diagnóstico","II Nivel"
418,"Ginecología y Obstetricia - Sur","Hospitalario","Maternidad","III Nivel"
419,"Ginecología y Obstetricia - Sala 20","Hospitalario","Maternidad","III Nivel"
420,"Emergencias - A","Emergencia","Hospitalización","II Nivel"
421,"Imagenología - B","Apoyo","Diagnóstico","II Nivel"
422,"Unidad de Cuidados Intensivos - C","Hospitalario","Crítica","III Nivel"
423,"Traumatología - Norte","Hospitalario","Especialidades","III Nivel"
424,"Ginecología y Obstetricia - Sur","Hospitalario","Maternidad","III Nivel"
425,"Laboratorio Clínico - Sala 26","Apoyo","Diagnóstico","II Nivel"
426,"Imagenología - A","Apoyo","Diagnóstico","II Nivel"
427,"Imagenología - B","Apoyo","Diagnóstico","II Nivel"
428,"Laboratorio Clínico - C","Apoyo","Diagnóstico","II Nivel"
429,"Imagenología - Norte","Apoyo","Diagnóstico","II Nivel"
430,"Ginecología y Obstetricia - Sur","Hospitalario","Maternidad","III Nivel"
431,"Ginecología y Obstetricia - Sala 32","Hospitalario","Maternidad","III Nivel"
432,"Emergencias - A","Emergencia","Hospitalización","II Nivel"
433,"Ginecología y Obstetricia - B","Hospitalario","Maternidad","III Nivel"
434,"Ginecología y Obstetricia - C","Hospitalario","Maternidad","III Nivel"
435,"Ginecología y Obstetricia - Norte","Hospitalario","Maternidad","III Nivel"
436,"Cirugía General - Sur","Quirúrgico","Quirófano","III Nivel"
437,"Imagenología - Sala 38","Apoyo","Diagnóstico","II Nivel"
438,"Cardiología - A","Ambulatorio","Especialidades","III Nivel"
439,"Cardiología - B","Ambulatorio","Especialidades","III Nivel"
440,"Imagenología - C","Apoyo","Diagnóstico","II Nivel"
441,"Unidad de Cuidados Intensivos - Norte","Hospitalario","Crítica","III Nivel"
442,"Unidad de Cuidados Intensivos - Sur","Hospitalario","Crítica","III Nivel"
443,"Imagenología - Sala 44","Apoyo","Diagnóstico","II Nivel"
444,"Unidad de Cuidados Intensivos - A","Hospitalario","Crítica","III Nivel"
445,"Unidad de Cuidados Intensivos - B","Hospitalario","Crítica","III Nivel"
446,"Unidad de Cuidados Intensivos - C","Hospitalario","Crítica","III Nivel"
447,"Ginecología y Obstetricia - Norte","Hospitalario","Maternidad","III Nivel"
448,"Cirugía General - Sur","Quirúrgico","Quirófano","III Nivel"
449,"Unidad de Cuidados Intensivos - Sala 50","Hospitalario","Crítica","III Nivel"
450,"Unidad de Cuidados Intensivos - A","Hospitalario","Crítica","III Nivel"
451,"Cirugía General - B","Quirúrgico","Quirófano","III Nivel"
452,"Consulta Externa - C","Ambulatorio","Medicina General","I Nivel"
453,"Imagenología - Norte","Apoyo","Diagnóstico","II Nivel"
454,"Imagenología - Sur","Apoyo","Diagnóstico","II Nivel"
455,"Emergencias - Sala 56","Emergencia","Hospitalización","II Nivel"
456,"Cardiología - A","Ambulatorio","Especialidades","III Nivel"
457,"Unidad de Cuidados Intensivos - B","Hospitalario","Crítica","III Nivel"
458,"Consulta Externa - C","Ambulatorio","Medicina General","I Nivel"
459,"Cardiología - Norte","Ambulatorio","Especialidades","III Nivel"
460,"Cardiología - Sur","Ambulatorio","Especialidades","III Nivel"
461,"Cirugía General - Sala 62","Quirúrgico","Quirófano","III Nivel"
462,"Traumatología - A","Hospitalario","Especialidades","III Nivel"
463,"Emergencias - B","Emergencia","Hospitalización","II Nivel"
464,"Imagenología - C","Apoyo","Diagnóstico","II Nivel"
465,"Cirugía General - Norte","Quirúrgico","Quirófano","III Nivel"
466,"Cardiología - Sur","Ambulatorio","Especialidades","III Nivel"
467,"Cirugía General - Sala 68","Quirúrgico","Quirófano","III Nivel"
468,"Unidad de Cuidados Intensivos - A","Hospitalario","Crítica","III Nivel"
469,"Consulta Externa - B","Ambulatorio","Medicina General","I Nivel"
470,"Cardiología - C","Ambulatorio","Especialidades","III Nivel"
471,"Cirugía General - Norte","Quirúrgico","Quirófano","III Nivel"
472,"Pediatría - Sur","Hospitalario","Clínico","III Nivel"
473,"Cardiología - Sala 74","Ambulatorio","Especialidades","III Nivel"
474,"Cirugía General - A","Quirúrgico","Quirófano","III Nivel"
475,"Consulta Externa - B","Ambulatorio","Medicina General","I Nivel"
476,"Ginecología y Obstetricia - C","Hospitalario","Maternidad","III Nivel"
477,"Cardiología - Norte","Ambulatorio","Especialidades","III Nivel"
478,"Unidad de Cuidados Intensivos - Sur","Hospitalario","Crítica","III Nivel"
479,"Cardiología - Sala 80","Ambulatorio","Especialidades","III Nivel"
480,"Imagenología - A","Apoyo","Diagnóstico","II Nivel"
481,"Traumatología - B","Hospitalario","Especialidades","III Nivel"
482,"Pediatría - C","Hospitalario","Clínico","III Nivel"
483,"Consulta Externa - Norte","Ambulatorio","Medicina General","I Nivel"
484,"Cardiología - Sur","Ambulatorio","Especialidades","III Nivel"
485,"Cirugía General - Sala 86","Quirúrgico","Quirófano","III Nivel"
486,"Imagenología - A","Apoyo","Diagnóstico","II Nivel"
487,"Traumatología - B","Hospitalario","Especialidades","III Nivel"
488,"Emergencias - C","Emergencia","Hospitalización","II Nivel"
489,"Emergencias - Norte","Emergencia","Hospitalización","II Nivel"
490,"Imagenología - Sur","Apoyo","Diagnóstico","II Nivel"
491,"Unidad de Cuidados Intensivos - Sala 92","Hospitalario","Crítica","III Nivel"
492,"Cardiología - A","Ambulatorio","Especialidades","III Nivel"
493,"Imagenología - B","Apoyo","Diagnóstico","II Nivel"
494,"Laboratorio Clínico - C","Apoyo","Diagnóstico","II Nivel"
495,"Laboratorio Clínico - Norte","Apoyo","Diagnóstico","II Nivel"
496,"Cirugía General - Sur","Quirúrgico","Quirófano","III Nivel"
497,"Traumatología - Sala 98","Hospitalario","Especialidades","III Nivel"
498,"Laboratorio Clínico - A","Apoyo","Diagnóstico","II Nivel"
499,"Cardiología - B","Ambulatorio","Especialidades","III Nivel"
500,"Ginecología y Obstetricia - C","Hospitalario","Maternidad","III Nivel"
501,"Traumatología - Norte","Hospitalario","Especialidades","III Nivel"
502,"Consulta Externa - Sur","Ambulatorio","Medicina General","I Nivel"
503,"Laboratorio Clínico - Sala 4","Apoyo","Diagnóstico","II Nivel"
504,"Emergencias - A","Emergencia","Hospitalización","II Nivel"
505,"Traumatología - B","Hospitalario","Especialidades","III Nivel"
506,"Unidad de Cuidados Intensivos - C","Hospitalario","Crítica","III Nivel"
507,"Emergencias - Norte","Emergencia","Hospitalización","II Nivel"
508,"Cardiología - Sur","Ambulatorio","Especialidades","III Nivel"
509,"Cardiología - Sala 10","Ambulatorio","Especialidades","III Nivel"
510,"Cardiología - A","Ambulatorio","Especialidades","III Nivel"
511,"Cirugía General - B","Quirúrgico","Quirófano","III Nivel"
512,"Pediatría - C","Hospitalario","Clínico","III Nivel"
513,"Laboratorio Clínico - Norte","Apoyo","Diagnóstico","II Nivel"
514,"Unidad de Cuidados Intensivos - Sur","Hospitalario","Crítica","III Nivel"
515,"Emergencias - Sala 16","Emergencia","Hospitalización","II Nivel"
516,"Consulta Externa - A","Ambulatorio","Medicina General","I Nivel"
517,"Cardiología - B","Ambulatorio","Especialidades","III Nivel"
518,"Unidad de Cuidados Intensivos - C","Hospitalario","Crítica","III Nivel"
519,"Emergencias - Norte","Emergencia","Hospitalización","II Nivel"
520,"Ginecología y Obstetricia - Sur","Hospitalario","Maternidad","III Nivel"
521,"Emergencias - Sala 22","Emergencia","Hospitalización","II Nivel"
522,"Cirugía General - A","Quirúrgico","Quirófano","III Nivel"
523,"Cardiología - B","Ambulatorio","Especialidades","III Nivel"
524,"Emergencias - C","Emergencia","Hospitalización","II Nivel"
525,"Traumatología - Norte","Hospitalario","Especialidades","III Nivel"
526,"Unidad de Cuidados Intensivos - Sur","Hospitalario","Crítica","III Nivel"
527,"Cardiología - Sala 28","Ambulatorio","Especialidades","III Nivel"
528,"Pediatría - A","Hospitalario","Clínico","III Nivel"
529,"Cardiología - B","Ambulatorio","Especialidades","III Nivel"
530,"Ginecología y Obstetricia - C","Hospitalario","Maternidad","III Nivel"
531,"Laboratorio Clínico - Norte","Apoyo","Diagnóstico","II Nivel"
532,"Laboratorio Clínico - Sur","Apoyo","Diagnóstico","II Nivel"
533,"Consulta Externa - Sala 34","Ambulatorio","Medicina General","I Nivel"
534,"Ginecología y Obstetricia - A","Hospitalario","Maternidad","III Nivel"
535,"Ginecología y Obstetricia - B","Hospitalario","Maternidad","III Nivel"
536,"Traumatología - C","Hospitalario","Especialidades","III Nivel"
537,"Consulta Externa - Norte","Ambulatorio","Medicina General","I Nivel"
538,"Ginecología y Obstetricia - Sur","Hospitalario","Maternidad","III Nivel"
539,"Cardiología - Sala 40","Ambulatorio","Especialidades","III Nivel"
540,"Cardiología - A","Ambulatorio","Especialidades","III Nivel"
541,"Cirugía General - B","Quirúrgico","Quirófano","III Nivel"
542,"Consulta Externa - C","Ambulatorio","Medicina General","I Nivel"
543,"Emergencias - Norte","Emergencia","Hospitalización","II Nivel"
544,"Imagenología - Sur","Apoyo","Diagnóstico","II Nivel"
545,"Ginecología y Obstetricia - Sala 46","Hospitalario","Maternidad","III Nivel"
546,"Ginecología y Obstetricia - A","Hospitalario","Maternidad","III Nivel"
547,"Consulta Externa - B","Ambulatorio","Medicina General","I Nivel"
548,"Laboratorio Clínico - C","Apoyo","Diagnóstico","II Nivel"
549,"Pediatría - Norte","Hospitalario","Clínico","III Nivel"
550,"Emergencias - Sur","Emergencia","Hospitalización","II Nivel"
551,"Consulta Externa - Sala 52","Ambulatorio","Medicina General","I Nivel"
552,"Cirugía General - A","Quirúrgico","Quirófano","III Nivel"
553,"Laboratorio Clínico - B","Apoyo","Diagnóstico","II Nivel"
554,"Laboratorio Clínico - C","Apoyo","Diagnóstico","II Nivel"
555,"Cardiología - Norte","Ambulatorio","Especialidades","III Nivel"
556,"Cirugía General - Sur","Quirúrgico","Quirófano","III Nivel"
557,"Emergencias - Sala 58","Emergencia","Hospitalización","II Nivel"
558,"Imagenología - A","Apoyo","Diagnóstico","II Nivel"
559,"Emergencias - B","Emergencia","Hospitalización","II Nivel"
560,"Consulta Externa - C","Ambulatorio","Medicina General","I Nivel"
561,"Cardiología - Norte","Ambulatorio","Especialidades","III Nivel"
562,"Ginecología y Obstetricia - Sur","Hospitalario","Maternidad","III Nivel"
563,"Emergencias - Sala 64","Emergencia","Hospitalización","II Nivel"
564,"Cirugía General - A","Quirúrgico","Quirófano","III Nivel"
565,"Traumatología - B","Hospitalario","Especialidades","III Nivel"
566,"Unidad de Cuidados Intensivos - C","Hospitalario","Crítica","III Nivel"
567,"Cirugía General - Norte","Quirúrgico","Quirófano","III Nivel"
568,"Pediatría - Sur","Hospitalario","Clínico","III Nivel"
569,"Cardiología - Sala 70","Ambulatorio","Especialidades","III Nivel"
570,"Emergencias - A","Emergencia","Hospitalización","II Nivel"
571,"Imagenología - B","Apoyo","Diagnóstico","II Nivel"
572,"Cirugía General - C","Quirúrgico","Quirófano","III Nivel"
573,"Consulta Externa - Norte","Ambulatorio","Medicina General","I Nivel"
574,"Cirugía General - Sur","Quirúrgico","Quirófano","III Nivel"
575,"Emergencias - Sala 76","Emergencia","Hospitalización","II Nivel"
576,"Traumatología - A","Hospitalario","Especialidades","III Nivel"
577,"Unidad de Cuidados Intensivos - B","Hospitalario","Crítica","III Nivel"
578,"Emergencias - C","Emergencia","Hospitalización","II Nivel"
579,"Pediatría - Norte","Hospitalario","Clínico","III Nivel"
580,"Cardiología - Sur","Ambulatorio","Especialidades","III Nivel"
581,"Laboratorio Clínico - Sala 82","Apoyo","Diagnóstico","II Nivel"
582,"Laboratorio Clínico - A","Apoyo","Diagnóstico","II Nivel"
583,"Unidad de Cuidados Intensivos - B","Hospitalario","Crítica","III Nivel"
584,"Laboratorio Clínico - C","Apoyo","Diagnóstico","II Nivel"
585,"Traumatología - Norte","Hospitalario","Especialidades","III Nivel"
586,"Cirugía General - Sur","Quirúrgico","Quirófano","III Nivel"
587,"Unidad de Cuidados Intensivos - Sala 88","Hospitalario","Crítica","III Nivel"
588,"Laboratorio Clínico - A","Apoyo","Diagnóstico","II Nivel"
589,"Emergencias - B","Emergencia","Hospitalización","II Nivel"
590,"Pediatría - C","Hospitalario","Clínico","III Nivel"
591,"Pediatría - Norte","Hospitalario","Clínico","III Nivel"
592,"Cirugía General - Sur","Quirúrgico","Quirófano","III Nivel"
593,"Emergencias - Sala 94","Emergencia","Hospitalización","II Nivel"
594,"Traumatología - A","Hospitalario","Especialidades","III Nivel"
595,"Pediatría - B","Hospitalario","Clínico","III Nivel"
596,"Pediatría - C","Hospitalario","Clínico","III Nivel"
597,"Traumatología - Norte","Hospitalario","Especialidades","III Nivel"
598,"Emergencias - Sur","Emergencia","Hospitalización","II Nivel"
599,"Traumatología - Sala 100","Hospitalario","Especialidades","III Nivel"
600,"Unidad de Cuidados Intensivos - A","Hospitalario","Crítica","III Nivel"
601,"Ginecología y Obstetricia - B","Hospitalario","Maternidad","III Nivel"
602,"Ginecología y Obstetricia - C","Hospitalario","Maternidad","III Nivel"
603,"Emergencias - Norte","Emergencia","Hospitalización","II Nivel"
604,"Imagenología - Sur","Apoyo","Diagnóstico","II Nivel"
605,"Cardiología - Sala 6","Ambulatorio","Especialidades","III Nivel"
606,"Traumatología - A","Hospitalario","Especialidades","III Nivel"
607,"Laboratorio Clínico - B","Apoyo","Diagnóstico","II Nivel"
608,"Pediatría - C","Hospitalario","Clínico","III Nivel"
609,"Ginecología y Obstetricia - Norte","Hospitalario","Maternidad","III Nivel"
610,"Cirugía General - Sur","Quirúrgico","Quirófano","III Nivel"
611,"Pediatría - Sala 12","Hospitalario","Clínico","III Nivel"
612,"Laboratorio Clínico - A","Apoyo","Diagnóstico","II Nivel"
613,"Consulta Externa - B","Ambulatorio","Medicina General","I Nivel"
614,"Unidad de Cuidados Intensivos - C","Hospitalario","Crítica","III Nivel"
615,"Emergencias - Norte","Emergencia","Hospitalización","II Nivel"
616,"Imagenología - Sur","Apoyo","Diagnóstico","II Nivel"
617,"Cirugía General - Sala 18","Quirúrgico","Quirófano","III Nivel"
618,"Emergencias - A","Emergencia","Hospitalización","II Nivel"
619,"Traumatología - B","Hospitalario","Especialidades","III Nivel"
620,"Consulta Externa - C","Ambulatorio","Medicina General","I Nivel"
621,"Consulta Externa - Norte","Ambulatorio","Medicina General","I Nivel"
622,"Unidad de Cuidados Intensivos - Sur","Hospitalario","Crítica","III Nivel"
623,"Pediatría - Sala 24","Hospitalario","Clínico","III Nivel"
624,"Pediatría - A","Hospitalario","Clínico","III Nivel"
625,"Cardiología - B","Ambulatorio","Especialidades","III Nivel"
626,"Emergencias - C","Emergencia","Hospitalización","II Nivel"
627,"Imagenología - Norte","Apoyo","Diagnóstico","II Nivel"
628,"Traumatología - Sur","Hospitalario","Especialidades","III Nivel"
629,"Traumatología - Sala 30","Hospitalario","Especialidades","III Nivel"
630,"Cardiología - A","Ambulatorio","Especialidades","III Nivel"
631,"Unidad de Cuidados Intensivos - B","Hospitalario","Crítica","III Nivel"
632,"Laboratorio Clínico - C","Apoyo","Diagnóstico","II Nivel"
633,"Laboratorio Clínico - Norte","Apoyo","Diagnóstico","II Nivel"
634,"Ginecología y Obstetricia - Sur","Hospitalario","Maternidad","III Nivel"
635,"Consulta Externa - Sala 36","Ambulatorio","Medicina General","I Nivel"
636,"Pediatría - A","Hospitalario","Clínico","III Nivel"
637,"Cardiología - B","Ambulatorio","Especialidades","III Nivel"
638,"Laboratorio Clínico - C","Apoyo","Diagnóstico","II Nivel"
639,"Ginecología y Obstetricia - Norte","Hospitalario","Maternidad","III Nivel"
640,"Pediatría - Sur","Hospitalario","Clínico","III Nivel"
641,"Cirugía General - Sala 42","Quirúrgico","Quirófano","III Nivel"
642,"Emergencias - A","Emergencia","Hospitalización","II Nivel"
643,"Ginecología y Obstetricia - B","Hospitalario","Maternidad","III Nivel"
644,"Cirugía General - C","Quirúrgico","Quirófano","III Nivel"
645,"Ginecología y Obstetricia - Norte","Hospitalario","Maternidad","III Nivel"
646,"Unidad de Cuidados Intensivos - Sur","Hospitalario","Crítica","III Nivel"
647,"Ginecología y Obstetricia - Sala 48","Hospitalario","Maternidad","III Nivel"
648,"Consulta Externa - A","Ambulatorio","Medicina General","I Nivel"
649,"Consulta Externa - B","Ambulatorio","Medicina General","I Nivel"
650,"Pediatría - C","Hospitalario","Clínico","III Nivel"
651,"Consulta Externa - Norte","Ambulatorio","Medicina General","I Nivel"
652,"Unidad de Cuidados Intensivos - Sur","Hospitalario","Crítica","III Nivel"
653,"Consulta Externa - Sala 54","Ambulatorio","Medicina General","I Nivel"
654,"Consulta Externa - A","Ambulatorio","Medicina General","I Nivel"
655,"Laboratorio Clínico - B","Apoyo","Diagnóstico","II Nivel"
656,"Ginecología y Obstetricia - C","Hospitalario","Maternidad","III Nivel"
657,"Emergencias - Norte","Emergencia","Hospitalización","II Nivel"
658,"Laboratorio Clínico - Sur","Apoyo","Diagnóstico","II Nivel"
659,"Imagenología - Sala 60","Apoyo","Diagnóstico","II Nivel"
660,"Unidad de Cuidados Intensivos - A","Hospitalario","Crítica","III Nivel"
661,"Consulta Externa - B","Ambulatorio","Medicina General","I Nivel"
662,"Laboratorio Clínico - C","Apoyo","Diagnóstico","II Nivel"
663,"Traumatología - Norte","Hospitalario","Especialidades","III Nivel"
664,"Cirugía General - Sur","Quirúrgico","Quirófano","III Nivel"
665,"Consulta Externa - Sala 66","Ambulatorio","Medicina General","I Nivel"
666,"Traumatología - A","Hospitalario","Especialidades","III Nivel"
667,"Traumatología - B","Hospitalario","Especialidades","III Nivel"
668,"Imagenología - C","Apoyo","Diagnóstico","II Nivel"
669,"Cardiología - Norte","Ambulatorio","Especialidades","III Nivel"
670,"Imagenología - Sur","Apoyo","Diagnóstico","II Nivel"
671,"Traumatología - Sala 72","Hospitalario","Especialidades","III Nivel"
672,"Consulta Externa - A","Ambulatorio","Medicina General","I Nivel"
673,"Imagenología - B","Apoyo","Diagnóstico","II Nivel"
674,"Consulta Externa - C","Ambulatorio","Medicina General","I Nivel"
675,"Imagenología - Norte","Apoyo","Diagnóstico","II Nivel"
676,"Traumatología - Sur","Hospitalario","Especialidades","III Nivel"
677,"Consulta Externa - Sala 78","Ambulatorio","Medicina General","I Nivel"
678,"Traumatología - A","Hospitalario","Especialidades","III Nivel"
679,"Laboratorio Clínico - B","Apoyo","Diagnóstico","II Nivel"
680,"Cirugía General - C","Quirúrgico","Quirófano","III Nivel"
681,"Imagenología - Norte","Apoyo","Diagnóstico","II Nivel"
682,"Cardiología - Sur","Ambulatorio","Especialidades","III Nivel"
683,"Laboratorio Clínico - Sala 84","Apoyo","Diagnóstico","II Nivel"
684,"Imagenología - A","Apoyo","Diagnóstico","II Nivel"
685,"Emergencias - B","Emergencia","Hospitalización","II Nivel"
686,"Laboratorio Clínico - C","Apoyo","Diagnóstico","II Nivel"
687,"Laboratorio Clínico - Norte","Apoyo","Diagnóstico","II Nivel"
688,"Traumatología - Sur","Hospitalario","Especialidades","III Nivel"
689,"Pediatría - Sala 90","Hospitalario","Clínico","III Nivel"
690,"Cirugía General - A","Quirúrgico","Quirófano","III Nivel"
691,"Laboratorio Clínico - B","Apoyo","Diagnóstico","II Nivel"
692,"Consulta Externa - C","Ambulatorio","Medicina General","I Nivel"
693,"Imagenología - Norte","Apoyo","Diagnóstico","II Nivel"
694,"Imagenología - Sur","Apoyo","Diagnóstico","II Nivel"
695,"Emergencias - Sala 96","Emergencia","Hospitalización","II Nivel"
696,"Traumatología - A","Hospitalario","Especialidades","III Nivel"
697,"Cirugía General - B","Quirúrgico","Quirófano","III Nivel"
698,"Consulta Externa - C","Ambulatorio","Medicina General","I Nivel"
699,"Emergencias - Norte","Emergencia","Hospitalización","II Nivel"
700,"Traumatología - Sur","Hospitalario","Especialidades","III Nivel"
701,"Laboratorio Clínico - Sala 2","Apoyo","Diagnóstico","II Nivel"
702,"Consulta Externa - A","Ambulatorio","Medicina General","I Nivel"
703,"Cirugía General - B","Quirúrgico","Quirófano","III Nivel"
704,"Traumatología - C","Hospitalario","Especialidades","III Nivel"
705,"Consulta Externa - Norte","Ambulatorio","Medicina General","I Nivel"
706,"Pediatría - Sur","Hospitalario","Clínico","III Nivel"
707,"Cardiología - Sala 8","Ambulatorio","Especialidades","III Nivel"
708,"Pediatría - A","Hospitalario","Clínico","III Nivel"
709,"Traumatología - B","Hospitalario","Especialidades","III Nivel"
710,"Emergencias - C","Emergencia","Hospitalización","II Nivel"
711,"Emergencias - Norte","Emergencia","Hospitalización","II Nivel"
712,"Cardiología - Sur","Ambulatorio","Especialidades","III Nivel"
713,"Laboratorio Clínico - Sala 14","Apoyo","Diagnóstico","II Nivel"
714,"Consulta Externa - A","Ambulatorio","Medicina General","I Nivel"
715,"Cirugía General - B","Quirúrgico","Quirófano","III Nivel"
716,"Ginecología y Obstetricia - C","Hospitalario","Maternidad","III Nivel"
717,"Emergencias - Norte","Emergencia","Hospitalización","II Nivel"
718,"Traumatología - Sur","Hospitalario","Especialidades","III Nivel"
719,"Traumatología - Sala 20","Hospitalario","Especialidades","III Nivel"
720,"Traumatología - A","Hospitalario","Especialidades","III Nivel"
721,"Imagenología - B","Apoyo","Diagnóstico","II Nivel"
722,"Cirugía General - C","Quirúrgico","Quirófano","III Nivel"
723,"Emergencias - Norte","Emergencia","Hospitalización","II Nivel"
724,"Laboratorio Clínico - Sur","Apoyo","Diagnóstico","II Nivel"
725,"Emergencias - Sala 26","Emergencia","Hospitalización","II Nivel"
726,"Cardiología - A","Ambulatorio","Especialidades","III Nivel"
727,"Cirugía General - B","Quirúrgico","Quirófano","III Nivel"
728,"Ginecología y Obstetricia - C","Hospitalario","Maternidad","III Nivel"
729,"Unidad de Cuidados Intensivos - Norte","Hospitalario","Crítica","III Nivel"
730,"Imagenología - Sur","Apoyo","Diagnóstico","II Nivel"
731,"Laboratorio Clínico - Sala 32","Apoyo","Diagnóstico","II Nivel"
732,"Cirugía General - A","Quirúrgico","Quirófano","III Nivel"
733,"Cirugía General - B","Quirúrgico","Quirófano","III Nivel"
734,"Consulta Externa - C","Ambulatorio","Medicina General","I Nivel"
735,"Laboratorio Clínico - Norte","Apoyo","Diagnóstico","II Nivel"
736,"Cardiología - Sur","Ambulatorio","Especialidades","III Nivel"
737,"Traumatología - Sala 38","Hospitalario","Especialidades","III Nivel"
738,"Pediatría - A","Hospitalario","Clínico","III Nivel"
739,"Pediatría - B","Hospitalario","Clínico","III Nivel"
740,"Unidad de Cuidados Intensivos - C","Hospitalario","Crítica","III Nivel"
741,"Cardiología - Norte","Ambulatorio","Especialidades","III Nivel"
742,"Emergencias - Sur","Emergencia","Hospitalización","II Nivel"
743,"Cardiología - Sala 44","Ambulatorio","Especialidades","III Nivel"
744,"Imagenología - A","Apoyo","Diagnóstico","II Nivel"
745,"Unidad de Cuidados Intensivos - B","Hospitalario","Crítica","III Nivel"
746,"Pediatría - C","Hospitalario","Clínico","III Nivel"
747,"Consulta Externa - Norte","Ambulatorio","Medicina General","I Nivel"
748,"Traumatología - Sur","Hospitalario","Especialidades","III Nivel"
749,"Consulta Externa - Sala 50","Ambulatorio","Medicina General","I Nivel"
750,"Emergencias - A","Emergencia","Hospitalización","II Nivel"
751,"Ginecología y Obstetricia - B","Hospitalario","Maternidad","III Nivel"
752,"Laboratorio Clínico - C","Apoyo","Diagnóstico","II Nivel"
753,"Ginecología y Obstetricia - Norte","Hospitalario","Maternidad","III Nivel"
754,"Ginecología y Obstetricia - Sur","Hospitalario","Maternidad","III Nivel"
755,"Laboratorio Clínico - Sala 56","Apoyo","Diagnóstico","II Nivel"
756,"Cirugía General - A","Quirúrgico","Quirófano","III Nivel"
757,"Ginecología y Obstetricia - B","Hospitalario","Maternidad","III Nivel"
758,"Cardiología - C","Ambulatorio","Especialidades","III Nivel"
759,"Consulta Externa - Norte","Ambulatorio","Medicina General","I Nivel"
760,"Consulta Externa - Sur","Ambulatorio","Medicina General","I Nivel"
761,"Pediatría - Sala 62","Hospitalario","Clínico","III Nivel"
762,"Emergencias - A","Emergencia","Hospitalización","II Nivel"
763,"Emergencias - B","Emergencia","Hospitalización","II Nivel"
764,"Cardiología - C","Ambulatorio","Especialidades","III Nivel"
765,"Pediatría - Norte","Hospitalario","Clínico","III Nivel"
766,"Laboratorio Clínico - Sur","Apoyo","Diagnóstico","II Nivel"
767,"Cardiología - Sala 68","Ambulatorio","Especialidades","III Nivel"
768,"Imagenología - A","Apoyo","Diagnóstico","II Nivel"
769,"Pediatría - B","Hospitalario","Clínico","III Nivel"
770,"Imagenología - C","Apoyo","Diagnóstico","II Nivel"
771,"Emergencias - Norte","Emergencia","Hospitalización","II Nivel"
772,"Ginecología y Obstetricia - Sur","Hospitalario","Maternidad","III Nivel"
773,"Cardiología - Sala 74","Ambulatorio","Especialidades","III Nivel"
774,"Pediatría - A","Hospitalario","Clínico","III Nivel"
775,"Traumatología - B","Hospitalario","Especialidades","III Nivel"
776,"Ginecología y Obstetricia - C","Hospitalario","Maternidad","III Nivel"
777,"Imagenología - Norte","Apoyo","Diagnóstico","II Nivel"
778,"Laboratorio Clínico - Sur","Apoyo","Diagnóstico","II Nivel"
779,"Cardiología - Sala 80","Ambulatorio","Especialidades","III Nivel"
780,"Emergencias - A","Emergencia","Hospitalización","II Nivel"
781,"Laboratorio Clínico - B","Apoyo","Diagnóstico","II Nivel"
782,"Traumatología - C","Hospitalario","Especialidades","III Nivel"
783,"Ginecología y Obstetricia - Norte","Hospitalario","Maternidad","III Nivel"
784,"Pediatría - Sur","Hospitalario","Clínico","III Nivel"
785,"Unidad de Cuidados Intensivos - Sala 86","Hospitalario","Crítica","III Nivel"
786,"Pediatría - A","Hospitalario","Clínico","III Nivel"
787,"Ginecología y Obstetricia - B","Hospitalario","Maternidad","III Nivel"
788,"Unidad de Cuidados Intensivos - C","Hospitalario","Crítica","III Nivel"
789,"Consulta Externa - Norte","Ambulatorio","Medicina General","I Nivel"
790,"Ginecología y Obstetricia - Sur","Hospitalario","Maternidad","III Nivel"
791,"Pediatría - Sala 92","Hospitalario","Clínico","III Nivel"
792,"Emergencias - A","Emergencia","Hospitalización","II Nivel"
793,"Emergencias - B","Emergencia","Hospitalización","II Nivel"
794,"Traumatología - C","Hospitalario","Especialidades","III Nivel"
795,"Traumatología - Norte","Hospitalario","Especialidades","III Nivel"
796,"Cirugía General - Sur","Quirúrgico","Quirófano","III Nivel"
797,"Laboratorio Clínico - Sala 98","Apoyo","Diagnóstico","II Nivel"
798,"Imagenología - A","Apoyo","Diagnóstico","II Nivel"
799,"Cirugía General - B","Quirúrgico","Quirófano","III Nivel"
800,"Cardiología - C","Ambulatorio","Especialidades","III Nivel"
801,"Ginecología y Obstetricia - Norte","Hospitalario","Maternidad","III Nivel"
802,"Ginecología y Obstetricia - Sur","Hospitalario","Maternidad","III Nivel"
803,"Cirugía General - Sala 4","Quirúrgico","Quirófano","III Nivel"
804,"Pediatría - A","Hospitalario","Clínico","III Nivel"
805,"Emergencias - B","Emergencia","Hospitalización","II Nivel"
806,"Unidad de Cuidados Intensivos - C","Hospitalario","Crítica","III Nivel"
807,"Cardiología - Norte","Ambulatorio","Especialidades","III Nivel"
808,"Imagenología - Sur","Apoyo","Diagnóstico","II Nivel"
809,"Emergencias - Sala 10","Emergencia","Hospitalización","II Nivel"
810,"Emergencias - A","Emergencia","Hospitalización","II Nivel"
811,"Consulta Externa - B","Ambulatorio","Medicina General","I Nivel"
812,"Emergencias - C","Emergencia","Hospitalización","II Nivel"
813,"Unidad de Cuidados Intensivos - Norte","Hospitalario","Crítica","III Nivel"
814,"Traumatología - Sur","Hospitalario","Especialidades","III Nivel"
815,"Consulta Externa - Sala 16","Ambulatorio","Medicina General","I Nivel"
816,"Consulta Externa - A","Ambulatorio","Medicina General","I Nivel"
817,"Consulta Externa - B","Ambulatorio","Medicina General","I Nivel"
818,"Pediatría - C","Hospitalario","Clínico","III Nivel"
819,"Imagenología - Norte","Apoyo","Diagnóstico","II Nivel"
820,"Cirugía General - Sur","Quirúrgico","Quirófano","III Nivel"
821,"Traumatología - Sala 22","Hospitalario","Especialidades","III Nivel"
822,"Ginecología y Obstetricia - A","Hospitalario","Maternidad","III Nivel"
823,"Traumatología - B","Hospitalario","Especialidades","III Nivel"
824,"Consulta Externa - C","Ambulatorio","Medicina General","I Nivel"
825,"Cirugía General - Norte","Quirúrgico","Quirófano","III Nivel"
826,"Emergencias - Sur","Emergencia","Hospitalización","II Nivel"
827,"Emergencias - Sala 28","Emergencia","Hospitalización","II Nivel"
828,"Cirugía General - A","Quirúrgico","Quirófano","III Nivel"
829,"Imagenología - B","Apoyo","Diagnóstico","II Nivel"
830,"Cirugía General - C","Quirúrgico","Quirófano","III Nivel"
831,"Traumatología - Norte","Hospitalario","Especialidades","III Nivel"
832,"Cirugía General - Sur","Quirúrgico","Quirófano","III Nivel"
833,"Cardiología - Sala 34","Ambulatorio","Especialidades","III Nivel"
834,"Ginecología y Obstetricia - A","Hospitalario","Maternidad","III Nivel"
835,"Unidad de Cuidados Intensivos - B","Hospitalario","Crítica","III Nivel"
836,"Imagenología - C","Apoyo","Diagnóstico","II Nivel"
837,"Unidad de Cuidados Intensivos - Norte","Hospitalario","Crítica","III Nivel"
838,"Laboratorio Clínico - Sur","Apoyo","Diagnóstico","II Nivel"
839,"Unidad de Cuidados Intensivos - Sala 40","Hospitalario","Crítica","III Nivel"
840,"Imagenología - A","Apoyo","Diagnóstico","II Nivel"
841,"Cardiología - B","Ambulatorio","Especialidades","III Nivel"
842,"Unidad de Cuidados Intensivos - C","Hospitalario","Crítica","III Nivel"
843,"Traumatología - Norte","Hospitalario","Especialidades","III Nivel"
844,"Pediatría - Sur","Hospitalario","Clínico","III Nivel"
845,"Emergencias - Sala 46","Emergencia","Hospitalización","II Nivel"
846,"Unidad de Cuidados Intensivos - A","Hospitalario","Crítica","III Nivel"
847,"Consulta Externa - B","Ambulatorio","Medicina General","I Nivel"
848,"Cardiología - C","Ambulatorio","Especialidades","III Nivel"
849,"Imagenología - Norte","Apoyo","Diagnóstico","II Nivel"
850,"Imagenología - Sur","Apoyo","Diagnóstico","II Nivel"
851,"Emergencias - Sala 52","Emergencia","Hospitalización","II Nivel"
852,"Ginecología y Obstetricia - A","Hospitalario","Maternidad","III Nivel"
853,"Cirugía General - B","Quirúrgico","Quirófano","III Nivel"
854,"Emergencias - C","Emergencia","Hospitalización","II Nivel"
855,"Cirugía General - Norte","Quirúrgico","Quirófano","III Nivel"
856,"Consulta Externa - Sur","Ambulatorio","Medicina General","I Nivel"
857,"Consulta Externa - Sala 58","Ambulatorio","Medicina General","I Nivel"
858,"Unidad de Cuidados Intensivos - A","Hospitalario","Crítica","III Nivel"
859,"Imagenología - B","Apoyo","Diagnóstico","II Nivel"
860,"Cirugía General - C","Quirúrgico","Quirófano","III Nivel"
861,"Emergencias - Norte","Emergencia","Hospitalización","II Nivel"
862,"Laboratorio Clínico - Sur","Apoyo","Diagnóstico","II Nivel"
863,"Cirugía General - Sala 64","Quirúrgico","Quirófano","III Nivel"
864,"Unidad de Cuidados Intensivos - A","Hospitalario","Crítica","III Nivel"
865,"Ginecología y Obstetricia - B","Hospitalario","Maternidad","III Nivel"
866,"Laboratorio Clínico - C","Apoyo","Diagnóstico","II Nivel"
867,"Laboratorio Clínico - Norte","Apoyo","Diagnóstico","II Nivel"
868,"Ginecología y Obstetricia - Sur","Hospitalario","Maternidad","III Nivel"
869,"Traumatología - Sala 70","Hospitalario","Especialidades","III Nivel"
870,"Traumatología - A","Hospitalario","Especialidades","III Nivel"
871,"Unidad de Cuidados Intensivos - B","Hospitalario","Crítica","III Nivel"
872,"Cirugía General - C","Quirúrgico","Quirófano","III Nivel"
873,"Ginecología y Obstetricia - Norte","Hospitalario","Maternidad","III Nivel"
874,"Unidad de Cuidados Intensivos - Sur","Hospitalario","Crítica","III Nivel"
875,"Cirugía General - Sala 76","Quirúrgico","Quirófano","III Nivel"
876,"Unidad de Cuidados Intensivos - A","Hospitalario","Crítica","III Nivel"
877,"Pediatría - B","Hospitalario","Clínico","III Nivel"
878,"Pediatría - C","Hospitalario","Clínico","III Nivel"
879,"Imagenología - Norte","Apoyo","Diagnóstico","II Nivel"
880,"Emergencias - Sur","Emergencia","Hospitalización","II Nivel"
881,"Cirugía General - Sala 82","Quirúrgico","Quirófano","III Nivel"
882,"Cirugía General - A","Quirúrgico","Quirófano","III Nivel"
883,"Pediatría - B","Hospitalario","Clínico","III Nivel"
884,"Unidad de Cuidados Intensivos - C","Hospitalario","Crítica","III Nivel"
885,"Traumatología - Norte","Hospitalario","Especialidades","III Nivel"
886,"Imagenología - Sur","Apoyo","Diagnóstico","II Nivel"
887,"Laboratorio Clínico - Sala 88","Apoyo","Diagnóstico","II Nivel"
888,"Unidad de Cuidados Intensivos - A","Hospitalario","Crítica","III Nivel"
889,"Ginecología y Obstetricia - B","Hospitalario","Maternidad","III Nivel"
890,"Pediatría - C","Hospitalario","Clínico","III Nivel"
891,"Emergencias - Norte","Emergencia","Hospitalización","II Nivel"
892,"Cardiología - Sur","Ambulatorio","Especialidades","III Nivel"
893,"Pediatría - Sala 94","Hospitalario","Clínico","III Nivel"
894,"Pediatría - A","Hospitalario","Clínico","III Nivel"
895,"Laboratorio Clínico - B","Apoyo","Diagnóstico","II Nivel"
896,"Consulta Externa - C","Ambulatorio","Medicina General","I Nivel"
897,"Cirugía General - Norte","Quirúrgico","Quirófano","III Nivel"
898,"Pediatría - Sur","Hospitalario","Clínico","III Nivel"
899,"Traumatología - Sala 100","Hospitalario","Especialidades","III Nivel"
900,"Cirugía General - A","Quirúrgico","Quirófano","III Nivel"
901,"Emergencias - B","Emergencia","Hospitalización","II Nivel"
902,"Imagenología - C","Apoyo","Diagnóstico","II Nivel"
903,"Imagenología - Norte","Apoyo","Diagnóstico","II Nivel"
904,"Consulta Externa - Sur","Ambulatorio","Medicina General","I Nivel"
905,"Laboratorio Clínico - Sala 6","Apoyo","Diagnóstico","II Nivel"
906,"Traumatología - A","Hospitalario","Especialidades","III Nivel"
907,"Consulta Externa - B","Ambulatorio","Medicina General","I Nivel"
908,"Cirugía General - C","Quirúrgico","Quirófano","III Nivel"
909,"Ginecología y Obstetricia - Norte","Hospitalario","Maternidad","III Nivel"
910,"Emergencias - Sur","Emergencia","Hospitalización","II Nivel"
911,"Traumatología - Sala 12","Hospitalario","Especialidades","III Nivel"
912,"Pediatría - A","Hospitalario","Clínico","III Nivel"
913,"Imagenología - B","Apoyo","Diagnóstico","II Nivel"
914,"Traumatología - C","Hospitalario","Especialidades","III Nivel"
915,"Traumatología - Norte","Hospitalario","Especialidades","III Nivel"
916,"Laboratorio Clínico - Sur","Apoyo","Diagnóstico","II Nivel"
917,"Cardiología - Sala 18","Ambulatorio","Especialidades","III Nivel"
918,"Ginecología y Obstetricia - A","Hospitalario","Maternidad","III Nivel"
919,"Pediatría - B","Hospitalario","Clínico","III Nivel"
920,"Cirugía General - C","Quirúrgico","Quirófano","III Nivel"
921,"Laboratorio Clínico - Norte","Apoyo","Diagnóstico","II Nivel"
922,"Cirugía General - Sur","Quirúrgico","Quirófano","III Nivel"
923,"Traumatología - Sala 24","Hospitalario","Especialidades","III Nivel"
924,"Traumatología - A","Hospitalario","Especialidades","III Nivel"
925,"Ginecología y Obstetricia - B","Hospitalario","Maternidad","III Nivel"
926,"Laboratorio Clínico - C","Apoyo","Diagnóstico","II Nivel"
927,"Emergencias - Norte","Emergencia","Hospitalización","II Nivel"
928,"Laboratorio Clínico - Sur","Apoyo","Diagnóstico","II Nivel"
929,"Unidad de Cuidados Intensivos - Sala 30","Hospitalario","Crítica","III Nivel"
930,"Ginecología y Obstetricia - A","Hospitalario","Maternidad","III Nivel"
931,"Ginecología y Obstetricia - B","Hospitalario","Maternidad","III Nivel"
932,"Ginecología y Obstetricia - C","Hospitalario","Maternidad","III Nivel"
933,"Cirugía General - Norte","Quirúrgico","Quirófano","III Nivel"
934,"Consulta Externa - Sur","Ambulatorio","Medicina General","I Nivel"
935,"Imagenología - Sala 36","Apoyo","Diagnóstico","II Nivel"
936,"Traumatología - A","Hospitalario","Especialidades","III Nivel"
937,"Consulta Externa - B","Ambulatorio","Medicina General","I Nivel"
938,"Pediatría - C","Hospitalario","Clínico","III Nivel"
939,"Imagenología - Norte","Apoyo","Diagnóstico","II Nivel"
940,"Unidad de Cuidados Intensivos - Sur","Hospitalario","Crítica","III Nivel"
941,"Emergencias - Sala 42","Emergencia","Hospitalización","II Nivel"
942,"Unidad de Cuidados Intensivos - A","Hospitalario","Crítica","III Nivel"
943,"Pediatría - B","Hospitalario","Clínico","III Nivel"
944,"Unidad de Cuidados Intensivos - C","Hospitalario","Crítica","III Nivel"
945,"Cardiología - Norte","Ambulatorio","Especialidades","III Nivel"
946,"Pediatría - Sur","Hospitalario","Clínico","III Nivel"
947,"Pediatría - Sala 48","Hospitalario","Clínico","III Nivel"
948,"Laboratorio Clínico - A","Apoyo","Diagnóstico","II Nivel"
949,"Cardiología - B","Ambulatorio","Especialidades","III Nivel"
950,"Imagenología - C","Apoyo","Diagnóstico","II Nivel"
951,"Imagenología - Norte","Apoyo","Diagnóstico","II Nivel"
952,"Laboratorio Clínico - Sur","Apoyo","Diagnóstico","II Nivel"
953,"Traumatología - Sala 54","Hospitalario","Especialidades","III Nivel"
954,"Traumatología - A","Hospitalario","Especialidades","III Nivel"
955,"Cirugía General - B","Quirúrgico","Quirófano","III Nivel"
956,"Pediatría - C","Hospitalario","Clínico","III Nivel"
957,"Unidad de Cuidados Intensivos - Norte","Hospitalario","Crítica","III Nivel"
958,"Laboratorio Clínico - Sur","Apoyo","Diagnóstico","II Nivel"
959,"Ginecología y Obstetricia - Sala 60","Hospitalario","Maternidad","III Nivel"
960,"Cardiología - A","Ambulatorio","Especialidades","III Nivel"
961,"Laboratorio Clínico - B","Apoyo","Diagnóstico","II Nivel"
962,"Pediatría - C","Hospitalario","Clínico","III Nivel"
963,"Emergencias - Norte","Emergencia","Hospitalización","II Nivel"
964,"Cardiología - Sur","Ambulatorio","Especialidades","III Nivel"
965,"Pediatría - Sala 66","Hospitalario","Clínico","III Nivel"
966,"Cardiología - A","Ambulatorio","Especialidades","III Nivel"
967,"Laboratorio Clínico - B","Apoyo","Diagnóstico","II Nivel"
968,"Traumatología - C","Hospitalario","Especialidades","III Nivel"
969,"Laboratorio Clínico - Norte","Apoyo","Diagnóstico","II Nivel"
970,"Cardiología - Sur","Ambulatorio","Especialidades","III Nivel"
971,"Imagenología - Sala 72","Apoyo","Diagnóstico","II Nivel"
972,"Laboratorio Clínico - A","Apoyo","Diagnóstico","II Nivel"
973,"Traumatología - B","Hospitalario","Especialidades","III Nivel"
974,"Laboratorio Clínico - C","Apoyo","Diagnóstico","II Nivel"
975,"Ginecología y Obstetricia - Norte","Hospitalario","Maternidad","III Nivel"
976,"Cirugía General - Sur","Quirúrgico","Quirófano","III Nivel"
977,"Emergencias - Sala 78","Emergencia","Hospitalización","II Nivel"
978,"Traumatología - A","Hospitalario","Especialidades","III Nivel"
979,"Unidad de Cuidados Intensivos - B","Hospitalario","Crítica","III Nivel"
980,"Imagenología - C","Apoyo","Diagnóstico","II Nivel"
981,"Ginecología y Obstetricia - Norte","Hospitalario","Maternidad","III Nivel"
982,"Cardiología - Sur","Ambulatorio","Especialidades","III Nivel"
983,"Imagenología - Sala 84","Apoyo","Diagnóstico","II Nivel"
984,"Traumatología - A","Hospitalario","Especialidades","III Nivel"
985,"Pediatría - B","Hospitalario","Clínico","III Nivel"
986,"Ginecología y Obstetricia - C","Hospitalario","Maternidad","III Nivel"
987,"Ginecología y Obstetricia - Norte","Hospitalario","Maternidad","III Nivel"
988,"Emergencias - Sur","Emergencia","Hospitalización","II Nivel"
989,"Cardiología - Sala 90","Ambulatorio","Especialidades","III Nivel"
990,"Cardiología - A","Ambulatorio","Especialidades","III Nivel"
991,"Ginecología y Obstetricia - B","Hospitalario","Maternidad","III Nivel"
992,"Cardiología - C","Ambulatorio","Especialidades","III Nivel"
993,"Ginecología y Obstetricia - Norte","Hospitalario","Maternidad","III Nivel"
994,"Emergencias - Sur","Emergencia","Hospitalización","II Nivel"
995,"Consulta Externa - Sala 96","Ambulatorio","Medicina General","I Nivel"
996,"Unidad de Cuidados Intensivos - A","Hospitalario","Crítica","III Nivel"
997,"Unidad de Cuidados Intensivos - B","Hospitalario","Crítica","III Nivel"
998,"Laboratorio Clínico - C","Apoyo","Diagnóstico","II Nivel"
999,"Unidad de Cuidados Intensivos - Norte","Hospitalario","Crítica","III Nivel"
1000,"Ginecología y Obstetricia - Sur","Hospitalario","Maternidad","III Nivel"
